﻿<?xml version="1.0" encoding="utf-8"?>
<customUI xmlns="http://schemas.microsoft.com/office/2006/01/customui">
  <ribbon startFromScratch="true">
    <tabs>
      <tab id="rxtabTab" label="My Tab">
        <group id="rxgrpGroup" label="My Group">
          <button id="rxbtnButton" description="Description of rxbtnButton" enabled="true" imageMso="HappyFace" keytip="XML" label="My Button" screentip="Screentip for rxbtnButton" size="large" supertip="Supertip for rxbtnButton" tag="Tag for rxbtnButton" visible="true" onAction="btn_onAction" />
        </group>
      </tab>
    </tabs>
  </ribbon>
</customUI>