﻿<?xml version="1.0" encoding="utf-8"?>
<customUI xmlns="http://schemas.microsoft.com/office/2006/01/customui" onLoad="cui_onLoad">
  <ribbon startFromScratch="true">
    <tabs>
      <tab id="rxtabTab" label="My Tab">
        <group id="rxgrpGroup" label="My Group">
          <button id="rxbtnButton" getDescription="btn_getDescription" getEnabled="btn_getEnabled" getImage="btn_getImage" getKeytip="btn_getKeytip" getLabel="btn_getLabel" getScreentip="btn_getScreentip" getShowImage="btn_getShowImage" getShowLabel="btn_getShowLabel" getSize="btn_getSize" getSupertip="btn_getSupertip" getVisible="btn_getVisible" onAction="btn_onAction" />
        </group>
      </tab>
    </tabs>
  </ribbon>
</customUI>