﻿<?xml version="1.0" encoding="utf-8"?>
<customUI xmlns="http://schemas.microsoft.com/office/2006/01/customui" onLoad="cui_onLoad">
  <ribbon startFromScratch="true">
    <tabs>
      <tab id="rxtabBoxes" getKeytip="tab_getKeytip" getLabel="tab_getLabel" getVisible="tab_getVisible">
        <group id="rxgrpNoBoxes" getKeytip="grp_getKeytip" getLabel="grp_getLabel" getScreentip="grp_getScreentip" getSupertip="grp_getSupertip" getVisible="grp_getVisible">
          <button id="rxbtnButton1" getDescription="btn_getDescription" getEnabled="btn_getEnabled" getImage="btn_getImage" getKeytip="btn_getKeytip" getLabel="btn_getLabel" getScreentip="btn_getScreentip" getShowImage="btn_getShowImage" getShowLabel="btn_getShowLabel" getSize="btn_getSize" getSupertip="btn_getSupertip" getVisible="btn_getVisible" onAction="btn_onAction" />
          <button id="rxbtnButton2" getDescription="btn_getDescription" getEnabled="btn_getEnabled" getImage="btn_getImage" getKeytip="btn_getKeytip" getLabel="btn_getLabel" getScreentip="btn_getScreentip" getShowImage="btn_getShowImage" getShowLabel="btn_getShowLabel" getSize="btn_getSize" getSupertip="btn_getSupertip" getVisible="btn_getVisible" onAction="btn_onAction" />
          <button id="rxbtnButton3" getDescription="btn_getDescription" getEnabled="btn_getEnabled" getImage="btn_getImage" getKeytip="btn_getKeytip" getLabel="btn_getLabel" getScreentip="btn_getScreentip" getShowImage="btn_getShowImage" getShowLabel="btn_getShowLabel" getSize="btn_getSize" getSupertip="btn_getSupertip" getVisible="btn_getVisible" onAction="btn_onAction" />
          <button id="rxbtnButton4" getDescription="btn_getDescription" getEnabled="btn_getEnabled" getImage="btn_getImage" getKeytip="btn_getKeytip" getLabel="btn_getLabel" getScreentip="btn_getScreentip" getShowImage="btn_getShowImage" getShowLabel="btn_getShowLabel" getSize="btn_getSize" getSupertip="btn_getSupertip" getVisible="btn_getVisible" onAction="btn_onAction" />
        </group>
        <group id="rxgrpHBoxes" getKeytip="grp_getKeytip" getLabel="grp_getLabel" getScreentip="grp_getScreentip" getSupertip="grp_getSupertip" getVisible="grp_getVisible">
          <box id="rxboxH1" boxStyle="horizontal" getVisible="box_getVisible">
            <button id="rxbtnH1A" getDescription="btn_getDescription" getEnabled="btn_getEnabled" getImage="btn_getImage" getKeytip="btn_getKeytip" getLabel="btn_getLabel" getScreentip="btn_getScreentip" getShowImage="btn_getShowImage" getShowLabel="btn_getShowLabel" getSize="btn_getSize" getSupertip="btn_getSupertip" getVisible="btn_getVisible" onAction="btn_onAction" />
            <button id="rxbtnH1B" getDescription="btn_getDescription" getEnabled="btn_getEnabled" getImage="btn_getImage" getKeytip="btn_getKeytip" getLabel="btn_getLabel" getScreentip="btn_getScreentip" getShowImage="btn_getShowImage" getShowLabel="btn_getShowLabel" getSize="btn_getSize" getSupertip="btn_getSupertip" getVisible="btn_getVisible" onAction="btn_onAction" />
            <button id="rxbtnH1C" getDescription="btn_getDescription" getEnabled="btn_getEnabled" getImage="btn_getImage" getKeytip="btn_getKeytip" getLabel="btn_getLabel" getScreentip="btn_getScreentip" getShowImage="btn_getShowImage" getShowLabel="btn_getShowLabel" getSize="btn_getSize" getSupertip="btn_getSupertip" getVisible="btn_getVisible" onAction="btn_onAction" />
          </box>
          <box id="rxboxH2" boxStyle="horizontal" getVisible="box_getVisible">
            <button id="rxbtnH2A" getDescription="btn_getDescription" getEnabled="btn_getEnabled" getImage="btn_getImage" getKeytip="btn_getKeytip" getLabel="btn_getLabel" getScreentip="btn_getScreentip" getShowImage="btn_getShowImage" getShowLabel="btn_getShowLabel" getSize="btn_getSize" getSupertip="btn_getSupertip" getVisible="btn_getVisible" onAction="btn_onAction" />
            <button id="rxbtnH2B" getDescription="btn_getDescription" getEnabled="btn_getEnabled" getImage="btn_getImage" getKeytip="btn_getKeytip" getLabel="btn_getLabel" getScreentip="btn_getScreentip" getShowImage="btn_getShowImage" getShowLabel="btn_getShowLabel" getSize="btn_getSize" getSupertip="btn_getSupertip" getVisible="btn_getVisible" onAction="btn_onAction" />
            <button id="rxbtnH2C" getDescription="btn_getDescription" getEnabled="btn_getEnabled" getImage="btn_getImage" getKeytip="btn_getKeytip" getLabel="btn_getLabel" getScreentip="btn_getScreentip" getShowImage="btn_getShowImage" getShowLabel="btn_getShowLabel" getSize="btn_getSize" getSupertip="btn_getSupertip" getVisible="btn_getVisible" onAction="btn_onAction" />
          </box>
          <box id="rxboxH3" boxStyle="horizontal" getVisible="box_getVisible">
            <button id="rxbtnH3A" getDescription="btn_getDescription" getEnabled="btn_getEnabled" getImage="btn_getImage" getKeytip="btn_getKeytip" getLabel="btn_getLabel" getScreentip="btn_getScreentip" getShowImage="btn_getShowImage" getShowLabel="btn_getShowLabel" getSize="btn_getSize" getSupertip="btn_getSupertip" getVisible="btn_getVisible" onAction="btn_onAction" />
            <button id="rxbtnH3B" getDescription="btn_getDescription" getEnabled="btn_getEnabled" getImage="btn_getImage" getKeytip="btn_getKeytip" getLabel="btn_getLabel" getScreentip="btn_getScreentip" getShowImage="btn_getShowImage" getShowLabel="btn_getShowLabel" getSize="btn_getSize" getSupertip="btn_getSupertip" getVisible="btn_getVisible" onAction="btn_onAction" />
            <button id="rxbtnH3C" getDescription="btn_getDescription" getEnabled="btn_getEnabled" getImage="btn_getImage" getKeytip="btn_getKeytip" getLabel="btn_getLabel" getScreentip="btn_getScreentip" getShowImage="btn_getShowImage" getShowLabel="btn_getShowLabel" getSize="btn_getSize" getSupertip="btn_getSupertip" getVisible="btn_getVisible" onAction="btn_onAction" />
          </box>
        </group>
        <group id="rxgrpVBoxes" getKeytip="grp_getKeytip" getLabel="grp_getLabel" getScreentip="grp_getScreentip" getSupertip="grp_getSupertip" getVisible="grp_getVisible">
          <box id="rxboxV1" boxStyle="vertical" getVisible="box_getVisible">
            <button id="rxbtnV1A" getDescription="btn_getDescription" getEnabled="btn_getEnabled" getImage="btn_getImage" getKeytip="btn_getKeytip" getLabel="btn_getLabel" getScreentip="btn_getScreentip" getShowImage="btn_getShowImage" getShowLabel="btn_getShowLabel" getSize="btn_getSize" getSupertip="btn_getSupertip" getVisible="btn_getVisible" onAction="btn_onAction" />
            <button id="rxbtnV1B" getDescription="btn_getDescription" getEnabled="btn_getEnabled" getImage="btn_getImage" getKeytip="btn_getKeytip" getLabel="btn_getLabel" getScreentip="btn_getScreentip" getShowImage="btn_getShowImage" getShowLabel="btn_getShowLabel" getSize="btn_getSize" getSupertip="btn_getSupertip" getVisible="btn_getVisible" onAction="btn_onAction" />
            <button id="rxbtnV1C" getDescription="btn_getDescription" getEnabled="btn_getEnabled" getImage="btn_getImage" getKeytip="btn_getKeytip" getLabel="btn_getLabel" getScreentip="btn_getScreentip" getShowImage="btn_getShowImage" getShowLabel="btn_getShowLabel" getSize="btn_getSize" getSupertip="btn_getSupertip" getVisible="btn_getVisible" onAction="btn_onAction" />
          </box>
          <box id="rxboxV2" boxStyle="vertical" getVisible="box_getVisible">
            <button id="rxbtnV2A" getDescription="btn_getDescription" getEnabled="btn_getEnabled" getImage="btn_getImage" getKeytip="btn_getKeytip" getLabel="btn_getLabel" getScreentip="btn_getScreentip" getShowImage="btn_getShowImage" getShowLabel="btn_getShowLabel" getSize="btn_getSize" getSupertip="btn_getSupertip" getVisible="btn_getVisible" onAction="btn_onAction" />
            <button id="rxbtnV2B" getDescription="btn_getDescription" getEnabled="btn_getEnabled" getImage="btn_getImage" getKeytip="btn_getKeytip" getLabel="btn_getLabel" getScreentip="btn_getScreentip" getShowImage="btn_getShowImage" getShowLabel="btn_getShowLabel" getSize="btn_getSize" getSupertip="btn_getSupertip" getVisible="btn_getVisible" onAction="btn_onAction" />
            <button id="rxbtnV2C" getDescription="btn_getDescription" getEnabled="btn_getEnabled" getImage="btn_getImage" getKeytip="btn_getKeytip" getLabel="btn_getLabel" getScreentip="btn_getScreentip" getShowImage="btn_getShowImage" getShowLabel="btn_getShowLabel" getSize="btn_getSize" getSupertip="btn_getSupertip" getVisible="btn_getVisible" onAction="btn_onAction" />
          </box>
          <box id="rxboxV3" boxStyle="vertical" getVisible="box_getVisible">
            <button id="rxbtnV3A" getDescription="btn_getDescription" getEnabled="btn_getEnabled" getImage="btn_getImage" getKeytip="btn_getKeytip" getLabel="btn_getLabel" getScreentip="btn_getScreentip" getShowImage="btn_getShowImage" getShowLabel="btn_getShowLabel" getSize="btn_getSize" getSupertip="btn_getSupertip" getVisible="btn_getVisible" onAction="btn_onAction" />
            <button id="rxbtnV3B" getDescription="btn_getDescription" getEnabled="btn_getEnabled" getImage="btn_getImage" getKeytip="btn_getKeytip" getLabel="btn_getLabel" getScreentip="btn_getScreentip" getShowImage="btn_getShowImage" getShowLabel="btn_getShowLabel" getSize="btn_getSize" getSupertip="btn_getSupertip" getVisible="btn_getVisible" onAction="btn_onAction" />
            <button id="rxbtnV3C" getDescription="btn_getDescription" getEnabled="btn_getEnabled" getImage="btn_getImage" getKeytip="btn_getKeytip" getLabel="btn_getLabel" getScreentip="btn_getScreentip" getShowImage="btn_getShowImage" getShowLabel="btn_getShowLabel" getSize="btn_getSize" getSupertip="btn_getSupertip" getVisible="btn_getVisible" onAction="btn_onAction" />
          </box>
        </group>
      </tab>
    </tabs>
  </ribbon>
</customUI>